Title,Address,Wohnungstyp,Etage,Wohnflaeche,Bezugsfrei_ab,Zimmer,Schlafzimmer,Badezimmer,District,Haustiere,Kaltmiete,Nebenkosten,Heizkosten,Gesamtmiete,Kaution_o_genossenschaftsanteile,Agency,URL
"Wedding 1 Zimmer, Waschtrockner, Einbauküche, Balkon","Hussitenstraße 6, 13355 Berlin, Wedding (Wedding)", ,4 von 6,"30,4 m²",sofort,1, , , , ,730 €,+ 40 €,+ 30 €,800 €, , ,http://www.immobilienscout24.de/expose/108725988
"Schöne, modernisierte Wohnung in Schmargendorf !","Sodener Str. 15, 14197 Berlin, Wilmersdorf (Wilmersdorf)", ,2,"42,02 m²",01.12.2018,1, ,1, , ,620 €,+ 130 €,in Nebenkosten enthalten,750 €, , ,http://www.immobilienscout24.de/expose/108519930
+Altbauwohnung im Vorderhaus mit EBK in TOP LAGE+,"Eichendorffstr. 4, 10115 Berlin, Mitte (Mitte)", ,3 von 5,84 m²,sofort,3, , , , ,1.450 €,+ 170 €,nicht in Nebenkosten enthalten,1.620 € (zzgl. Heizkosten), , ,http://www.immobilienscout24.de/expose/108725909
3-Zimmer-Luxuswohnung nahe am Kurfürstendamm,10709 Berlin / Wilmersdorf Die vollständige Adresse der Immobilie erhalten Sie vom Anbieter., ,2 von 7,93 m², ,3,2,2, , ,1.767 €,+ 281 €,in Nebenkosten enthalten,2.048 €, , ,http://www.immobilienscout24.de/expose/107941368
Neu sanierte 3 Zimmer Wohnung mit Balkon im Prenzlauer Berg - frei ab sofort,"Schönhauser Allee 56, 10437 Berlin, Prenzlauer Berg (Prenzlauer Berg)", ,2 von 5,"83,84 m²",sofort,3,2,1, ,Nach Vereinbarung,1.090 €,+ 95 €,+ 95 €,1.280 €, , ,http://www.immobilienscout24.de/expose/108617880
sanierte 4-Zimmerwohnung mit Balkon und EBK *WG-geeignet*,"Manitiusstraße 13, 12047 Berlin, Neukölln (Neukölln)", ,2 von 5,"101,29 m²",01.01.2019,4,3,1, ,Nach Vereinbarung,"1.499,09 €","+ 194,48 €","+ 62,80 €","1.756,37 €", , ,http://www.immobilienscout24.de/expose/107886505
Möblierte 2 Zimmerwohnung #Stellplatz #Toplage #Concierge #Gym - Bezugsfrei,"Scharnhorststraße 7, 10115 Berlin, Mitte (Mitte)", ,2,70 m²,ab sofort,2,1,1, ,Nein,1.300 €,+ 600 €,in Nebenkosten enthalten,1.900 €, , ,http://www.immobilienscout24.de/expose/108598365
Top modernisierte Drei- Zimmer- Wohnung mit Balkon im kernsanierten Altbau,"Rennbahnstraße 27, 13086 Berlin, Weißensee (Weißensee)", ,3 von 4,101 m²,01.01.2019,3,2,2, ,Nach Vereinbarung,1.313 €,+ 170 €,inkl. 80 €,1.563 €, , ,http://www.immobilienscout24.de/expose/82534112
*WG geeignet* 3 Zimmerwohnung mit großer Terrasse + EBK in Kreuzkölln,"Manitiusstraße 12, 12047 Neukölln, Neukölln (Neukölln)", ,0 von 5,79 m²,01.01.2019,3,1,1, ,Nach Vereinbarung,"1.097,86 €","+ 152,47 €","+ 49,23 €","1.299,56 €", , ,http://www.immobilienscout24.de/expose/108833663
Helle Luxus 4-Zimmer Wohnung mit breitem Aussicht !,"Paul-Robeson-Str. 1A, 10439 Berlin, Prenzlauer Berg (Prenzlauer Berg)", ,5,"119,16 m²",02.10.2018,4, ,2, , ,2.850 €,+ 151 €,nicht in Nebenkosten enthalten,3.001 € (zzgl. Heizkosten), , ,http://www.immobilienscout24.de/expose/107573687
Süße und voll renovierte 2-Zimmer Wohnung am Schloss Charlottenbourg !,"Klausener Platz 11, 14059 Berlin, Charlottenburg (Charlottenburg)", ,1,"50,23 m²",07.12.2018,2, ,1, , ,698 €,+ 113 €,in Nebenkosten enthalten,811 €, , ,http://www.immobilienscout24.de/expose/108799758
Gründerzeit pur auf 180 m²,"Bundesplatz 14, 10715 Berlin, Wilmersdorf (Wilmersdorf)", ,3 von 5,180 m²,sofort,6, ,2, ,Nach Vereinbarung,1.680 €,+ 200 €,+ 170 €,2.050 €, , ,http://www.immobilienscout24.de/expose/106845759
Altbauperle nähe Volkspark Wilmersdorf - Erstbezug nach Sanierung!,"Hildegardstraße 31, 10715 Berlin, Wilmersdorf (Wilmersdorf)", ,1,139 m²,ab sofort,4,2,1, , ,1.990 €,+ 300 €,keine Angabe,2.290 € (zzgl. Heizkosten), , ,http://www.immobilienscout24.de/expose/108284309
1-Zimmer-Altbauwohnung in Steglitz!,12163 Berlin Die vollständige Adresse der Immobilie erhalten Sie vom Anbieter., , ,"37,9 m²", ,1, ,1, , ,"599,96 €","+ 88,04 €",in Nebenkosten enthalten,688 €, , ,http://www.immobilienscout24.de/expose/108795696
"1.500 €, 100 m², 3 Zimmer","Mommenstrasse 37, 10629 Berlin, Charlottenburg (Charlottenburg)", ,3 von 4,100 m²,01.12.2018,3, ,1, ,Nein,1.500 €,+ 150 €,in Nebenkosten enthalten,1.650 €, , ,http://www.immobilienscout24.de/expose/108566636
"Modernes, möbliertes Appartement in Neubau","Jülicher Straße 16, 13357 Berlin, Wedding (Wedding)", ,4 von 6,20 m²,01.12.2018,1, ,1, , ,505 €,+ 105 €,in Nebenkosten enthalten,610 €, , ,http://www.immobilienscout24.de/expose/108366745
Wohnen wie im Eigenheim,"Breestpromenade 14, 12587 Berlin, Friedrichshagen (Köpenick)", ,3 von 2,"92,66 m²",sofort,3,2,1, ,Nach Vereinbarung,1.000 €,+ 104 €,+ 100 €,1.204 €, , ,http://www.immobilienscout24.de/expose/86132736
Schöne sonnige 2-Zimmer-Wohnung an Belziger Str.,"Hauptstraße 15, 10827 Berlin, Schöneberg (Schöneberg)", ,2,71 m², ,2,1, , , ,980 €,+ 70 €,+ 80 €,1.130 €, , ,http://www.immobilienscout24.de/expose/56922559
4-Zimmer Wohnung mit eigenem Garten in historischem Landhaus in Biesdorf (Nähe UKB),"Landhausring 6, 12683 Berlin, Biesdorf (Marzahn)", ,2 von 2,165 m²,ab sofort,4, ,1, ,Nein,1.489 €,+ 430 €,in Nebenkosten enthalten,1.919 €, , ,http://www.immobilienscout24.de/expose/108744989
"vor Weihnachten mieten, eine Nettomiete mietfrei !!! Im Bergmannkiez - bei Kaminfeuer über der Stadt","Fidicinstr. 30, 10965 Berlin, Kreuzberg (Kreuzberg)", ,5 von 5,"108,4 m²",sofort,4,3,1, , ,2.200 €,+ 210 €,+ 80 €,2.490 €, , ,http://www.immobilienscout24.de/expose/108218438
Über den Dächern Berlins *WG geeignet* sanierte 4-Zimmerwohnung in Kreuzkölln,"Pannierstraße 37, 12047 Berlin, Neukölln (Neukölln)", ,6 von 6,"97,86 m²",01.01.2019,4,3,1, ,Nach Vereinbarung,"1.497,26 €","+ 187,89 €","+ 60,67 €","1.745,82 €", , ,http://www.immobilienscout24.de/expose/108836660
"Ruhige, grüne Terrassenwohnung mitten im Prenzelberg",10437 Berlin Die vollständige Adresse der Immobilie erhalten Sie vom Anbieter., ,0,35 m²,1.Januar 2019,1,1,1, ,Nach Vereinbarung,675 €,+ 67 €,in Nebenkosten enthalten,742 €, , ,http://www.immobilienscout24.de/expose/108776386
Dachgeschosswohnung mit Weitblick über Berlin !,"Leipziger Straße 128, 10117 Berlin, Mitte (Mitte)", ,6 von 7,"95,31 m²",ab sofort,2,1,1, , ,1.950 €,+ 370 €,in Nebenkosten enthalten,2.320 €, , ,http://www.immobilienscout24.de/expose/106778072
Erstvermietung: hochwertige Wohnungen Nähe Kurfürstendamm,"Schlüterstraße 72A, 10625 Berlin, Charlottenburg (Charlottenburg)", ,1 von 5,"114,82 m²",sofort,4,3,2, , ,"2.181,58 €","+ 287,05 €",in Nebenkosten enthalten,"2.468,63 €", , ,http://www.immobilienscout24.de/expose/107435297
Visit:16.Dec 12:30! 2 ROOM APARTMENT with CHARME in F.HAIN near OSTKREUZ! Für Deutsch scrollen,"Boxhagener Straße 50, 10245 Berlin, Friedrichshain (Friedrichshain)", ,4 von 3,"73,18 m²",sofort,2,1,1, ,Nach Vereinbarung,"873,77 €","+ 95,13 €","+ 80,50 €","1.049,40 €", , ,http://www.immobilienscout24.de/expose/108774541
Befristeter Untermietvertrag für 1 Jahr! Möbliertes 1 Zimmer Appartment in Friedrichshain!,"Proskauer Str. 11, 10247 Berlin, Friedrichshain (Friedrichshain)", ,4 von 4,45 m²,ab sofort,1, ,1, ,Nach Vereinbarung,680 €,+ 90 €,in Nebenkosten enthalten,740 €, , ,http://www.immobilienscout24.de/expose/108663743
Umfassend modernisierte Wohnung mit Einbauküche,"Romanshorner Weg 46, 13407 Berlin, Reinickendorf (Reinickendorf)", ,4 von 4,"82,38 m²",sofort,3, , , , ,1.050 €,+ 150 €,+ 76 €,1.276 €, , ,http://www.immobilienscout24.de/expose/108838953
"Gepflegte 1,5-Zimmer-Erdgeschosswohnung mit Balkon und EBK in Spandau, Berlin","An der Kappe 135, 13583 Berlin, Spandau (Spandau)", ,0 von 3,"59,45 m²",01.03.2019,"1,5", ,1, ,Nach Vereinbarung,579 €,+ 180 €,in Nebenkosten enthalten,759 €, , ,http://www.immobilienscout24.de/expose/108585690
hochherrschaftliche lichtdurchflutete großzügige Altbauwohnung - hundefreundlich,"Hohenzollerndamm 81, 14199 Berlin, Schmargendorf (Wilmersdorf)", ,3 von 3,"316,98 m²",sofort,"8,5",6,1, ,Ja,"3.486,78 €",+ 441 €,+ 487 €,"4.414,78 €", , ,http://www.immobilienscout24.de/expose/108193205
Altbauwohnung mit Wohnküche & Eichenparkettboden,"Huttenstraße 72, 10553 Berlin, Tiergarten (Tiergarten)", , ,"97,17 m²",ab sofort,3, , , ,Nach Vereinbarung,1.187 €,+ 155 €,inkl. 97 €,1.439 €, , ,http://www.immobilienscout24.de/expose/108679595
"Erstbezug mit EBK (+Kochinsel) und Balkon: superschöne 2-Zimmer-Wohnung in Prenzlauer Berg, Berlin","Wichertstrasse 48, 10439 Berlin, Prenzlauer Berg (Prenzlauer Berg)", ,2 von 5,60 m²,ab sofort,2, ,1, , ,1.150 €,+ 150 €,nicht in Nebenkosten enthalten,1.300 € (zzgl. Heizkosten), , ,http://www.immobilienscout24.de/expose/107698853
Traumhafte 3-Zimmer Wohnung im Grünen! ERSTBEZUG,"Hakenfelder Straße 9, 13587 Berlin, Spandau (Spandau)", ,4 von 16,"83,6 m²",sofort,3,2,1, ,Nach Vereinbarung,699 €,+ 220 €,inkl. 70 €,919 €, , ,http://www.immobilienscout24.de/expose/108774430
"NEU - helle, lichtdurchflutete Wohnung in einer eleganten Wohnanlage","Lehderstraße 30, 13086 Berlin, Weißensee (Weißensee)", ,0 von 5,"52,2 m²",sofort,2,1,1, ,Nach Vereinbarung,710 €,+ 105 €,+ 60 €,875 €, , ,http://www.immobilienscout24.de/expose/107959241
"Schöne, renovierte 3-Zimmer Wohnung mit Balkon in Friedrichshain - Besichtigung 12.12 (17:00-18:30)","Hausburgstraße 14, 10249 Berlin, Friedrichshain (Friedrichshain)", ,3 von 4,78 m²,sofort,3,2,1, ,Nach Vereinbarung,1.138 €,+ 312 €,in Nebenkosten enthalten,1.450 €, , ,http://www.immobilienscout24.de/expose/108777706
Premium-Wohnen im Haus Cumberland,10707 Berlin / Charlottenburg Die vollständige Adresse der Immobilie erhalten Sie vom Anbieter., ,2 von 5,164 m², ,4,3,2, , ,"4.481,35 €","+ 513,65 €",in Nebenkosten enthalten,4.995 €, , ,http://www.immobilienscout24.de/expose/107887228
Luxus Maisonettewohnung im Hofjäger Palais im Diplomaten Park,"Köbisstraße 3, 10785 Berlin / Tiergarten, Tiergarten (Tiergarten)", ,5 von 5,"253,8 m²",01.12.2018,"4,5",3,2, , ,4.190 €,+ 810 €,in Nebenkosten enthalten,5.000 €, , ,http://www.immobilienscout24.de/expose/90635450
Besichtigungstermin 18.12.2018 um 17.00 Uhr,"Grüntaler Str. 87, 13357 Berlin, Wedding (Wedding)", ,1 von 5,"89,69 m²",sofort,"2,5",1,1, ,Nach Vereinbarung,"631,98 €",+ 200 €,+ 80 €,"919,98 €", , ,http://www.immobilienscout24.de/expose/108373460
"Südterrasse, Garten, EBK: helle 2-Zimmer-Wohnung für Erstbezug am Mauerpark","Lichtburgring 14, 10437 Berlin, Prenzlauer Berg (Prenzlauer Berg)", ,0 von 4,68 m²,01.01.2019,2,1,1, ,Nach Vereinbarung,1.090 €,+ 240 €,in Nebenkosten enthalten,1.330 €, , ,http://www.immobilienscout24.de/expose/107503191
schöne 2-Zimmer Wohnung mit EBK und Balkon,"Paul-Schneider-Str. 47, 12247 Berlin, Lankwitz (Steglitz)", ,2 von 3,60 m²,01.01.2019,2,1,1, ,Nach Vereinbarung,745 €,+ 75 €,+ 75 €,895 €, , ,http://www.immobilienscout24.de/expose/108848980
"Schöne zwei Zimmer Wohnung in Berlin, Lichterfelde (Steglitz)",14167 Berlin Die vollständige Adresse der Immobilie erhalten Sie vom Anbieter., ,2 von 4,53 m²,ab sofort,2, ,1, ,Nein,790 €,+ 160 €,in Nebenkosten enthalten,950 €, , ,http://www.immobilienscout24.de/expose/108065036
"+++Feuerlandhöfe auf zum letzten Abschnitt, wohnen in neuen Dimensionen+++","Schwartzkopffstraße 7F, 10115 Berlin, Mitte (Mitte)", ,4 von 5,"118,06 m²",01.02.2019,4,3,2, ,Nach Vereinbarung,"2.006,01 €","+ 194,79 €","+ 100,31 €","2.306,06 €", , ,http://www.immobilienscout24.de/expose/108707813
"1 390 €, 84 m², 3 Room(s)","Kopernikusstraße 18a, 10245 Berlin, Friedrichshain (Friedrichshain)", ,4 von 5,84 m²,15.01.2019,3,2,1, ,Nach Vereinbarung,1.390 €,+ 200 €,in Nebenkosten enthalten,1.590 €, , ,http://www.immobilienscout24.de/expose/108696082
"Schöne 3-Zi-Wohnung, P'Berg, befristet für 2-3 Jahre / 3-room flat, temporary sublet, unfurnished",10405 Berlin Die vollständige Adresse der Immobilie erhalten Sie vom Anbieter., ,1 von 5,89 m²,ab sofort,3, ,1, ,Nein,1.270 €,+ 200 €,in Nebenkosten enthalten,1.470 €, , ,http://www.immobilienscout24.de/expose/107996506
"✌✌✌ Besichtigung 12., 14., 15.12 Erstbezug Prenzlauer Berg Berliner Mauerpark","Gleimstraße 8, 10437 Berlin, Prenzlauer Berg (Prenzlauer Berg)", ,3 von 4,"85,91 m²",16.12.2018,3,2,2, ,Nach Vereinbarung,1.460 €,+ 237 €,in Nebenkosten enthalten,1.698 €, , ,http://www.immobilienscout24.de/expose/107099567
"2 Zimmer-Penthouse mit hochwertiger Ausstattung, Aufzug & großartigem Blick über die Stadt","Alte Jakobstraße 75, 10179 Berlin, Mitte (Mitte)", , ,"97,97 m²",sofort,2, ,1, ,Nach Vereinbarung,1.575 €,+ 255 €,inkl. 120 €,1.830 €, , ,http://www.immobilienscout24.de/expose/108801874
*Barrierefrei und rolligerecht für Alt und Jung*Sehr schöne Wohnung mit Terrasse zur Erstnbenutzung*,"Kienhorststr. 134, 13403 Berlin, Reinickendorf (Reinickendorf)", ,0 von 3,98 m²,sofort,3,1,1, ,Nach Vereinbarung,1.218 €,+ 243 €,+ 116 €,1.577 €, , ,http://www.immobilienscout24.de/expose/106151664
1 Zimmer Wohnung am Ring !,10409 Berlin Die vollständige Adresse der Immobilie erhalten Sie vom Anbieter., ,1,"42,73 m²",15.12.0018,1, ,1, , ,"649,92 €","+ 107,93 €",in Nebenkosten enthalten,"757,85 €", , ,http://www.immobilienscout24.de/expose/108557460
4-Zimmer-Altbau mit gehobener Ausstattung inkl. Wohnküche und modernes Bad,"Potsdamer Straße 38, 14163 Berlin, Zehlendorf (Zehlendorf)", ,2 von 3,117 m²,15.06.2018,4,3,2, , ,1.680 €,"+ 187,20 €",nicht in Nebenkosten enthalten,"1.867,20 € (zzgl. Heizkosten)", , ,http://www.immobilienscout24.de/expose/105165825
Lichtdurchflutete Dachgeschoss-Maisonette im Markgrafenhaus!,"Mohrenstraße 45, 10117 Berlin, Mitte (Mitte)", ,7 von 7,125 m²,sofort,3,2,2, , ,1.875 €,+ 615 €,keine Angabe,2.490 € (zzgl. Heizkosten), , ,http://www.immobilienscout24.de/expose/107242598
Familien Maisonettewohnung in Stadtvilla mit Urlaubsflair,"Drewitzer Straße 54, 13467 Berlin-Hermsdorf, Hermsdorf (Reinickendorf)", ,2 von 3,"107,25 m²",sofort,3,2,2, , ,1.019 €,+ 146 €,+ 108 €,1.273 €, , ,http://www.immobilienscout24.de/expose/108101475
"Schöne, geräumige zwei Zimmer Wohnung in Berlin, Prenzlauer Berg","Hufelandstraße 11A, 10407 Berlin, Prenzlauer Berg (Prenzlauer Berg)", ,3 von 5,133 m²,ab sofort,2, ,1, ,Nein,"2.194,50 €",+ 333 €,in Nebenkosten enthalten,"2.527,50 €", , ,http://www.immobilienscout24.de/expose/107755748
Freundliche 3-Zimmer-Wohnung mit Terrasse und Gartenanteil im Wedding,"Transvaalstr. 16, 13351 Berlin, Wedding (Wedding)", ,0 von 4,79 m²,16.1.2019,3, ,1, , ,970 €,+ 260 €,in Nebenkosten enthalten,1.230 €, , ,http://www.immobilienscout24.de/expose/108821529
Zentrales Wohnen im Carré Voltaire!,"Else-Lasker-Schüler-Straße_ 4, 10785 Berlin, Schöneberg (Schöneberg)", ,3 von 6,111 m²,sofort,3,2,2, , ,2.000 €,+ 395 €,in Nebenkosten enthalten,2.395 €, , ,http://www.immobilienscout24.de/expose/108612692
Erstbezug! 2-Zimmer-Wohnung mit hochwertiger Einbauküche und edlem Eichenparkett,"Palisadenstraße 65, 10243 Berlin, Friedrichshain (Friedrichshain)", , ,"61,84 m²",sofort,2, ,1, ,Nach Vereinbarung,991 €,+ 111 €,inkl. 53 €,1.155 €, , ,http://www.immobilienscout24.de/expose/108679724
Bergmannkiez Altbau 1 Zimmer Appartement,"Schleiermacherstraße 15, 10961 Berlin, Kreuzberg (Kreuzberg)", ,1 von 4,50 m²,ab sofort,1,1,1, ,Ja,670 €,+ 60 €,inkl. 60 €,790 €, , ,http://www.immobilienscout24.de/expose/90045257
"Erstbezug nach Sanierung! Altbauwohnung mit 2 Zimmern, Bad, Küche und Loggia (VH 1. OG links)","Vinetastraße 57 A, 13189 Berlin, Pankow (Pankow)", ,1 von 4,"59,19 m²",sofort,2,2,1, ,Nach Vereinbarung,"828,38 €",+ 90 €,+ 90 €,"1.008,38 €", , ,http://www.immobilienscout24.de/expose/108776435
Exzellentes Wohnen am Leipziger Platz!,10117 Berlin Die vollständige Adresse der Immobilie erhalten Sie vom Anbieter., ,8 von 8,167 m²,ab sofort,3,2,1, , ,2.500 €,+ 602 €,keine Angabe,3.102 € (zzgl. Heizkosten), , ,http://www.immobilienscout24.de/expose/106328312
"Traumhaftes Penthouse mit Klimaanlage, Einbaküche und 2 Terrassen","Gotlandstraße 8, 10439 Berlin, Prenzlauer Berg (Prenzlauer Berg)", ,6 von 6,"76,2 m²",sofort,2, , , ,Nach Vereinbarung,"1.752,60 €",+ 250 €,in Nebenkosten enthalten,"2.002,60 €", , ,http://www.immobilienscout24.de/expose/107979831
High-End Apartment mit luxuriöser Möblierung – Erstbezug!,"Gabriele-Tergit-Promenade 21, 10963 Berlin, Tiergarten (Tiergarten)", ,8,54 m²,Sofort,2,1,1, , ,1.670 €,keine Angabe,in Nebenkosten enthalten,1.670 € (zzgl. Nebenkosten), , ,http://www.immobilienscout24.de/expose/108651878
Gemütliche Wohnung in Frohnau,"Maximiliankorso 45, 13465 Berlin, Frohnau (Reinickendorf)", ,0 von 3,"70,64 m²",sofort,2,1,1, , ,"692,27 €","+ 183,66 €","+ 73,47 €","949,40 €", , ,http://www.immobilienscout24.de/expose/108521499
1 Zimmer Souterrain Wohnung im Hinterhaus in Kreuzberg direkt am Görlitzer Park zu vermieten!,"Oppelner Str. 20, 10997 Berlin, Kreuzberg (Kreuzberg)", ,0 von 3,36 m²,15.12.2018,1, ,1, ,Nein,500 €,+ 90 €,in Nebenkosten enthalten,590 €, , ,http://www.immobilienscout24.de/expose/108559241
The place to be – Apartments am Potsdamer Platz!,"Alte Potsdamer Straße 13, 10785 Berlin, Tiergarten (Tiergarten)", ,4,"105,36 m²", ,3,2,2, , ,1.750 €,+ 474 €,in Nebenkosten enthalten,2.224 €, , ,http://www.immobilienscout24.de/expose/108669355
"Betreutes Wohnen, Altersgerechtes Wohnen","Kaiserstrasse 4c, 12209 berlin, Lichterfelde (Steglitz)", ,0 von 4,416 m²,2018,11, , , ,Nach Vereinbarung,10.816 €,+ 400 €,in Nebenkosten enthalten,11.216 €, , ,http://www.immobilienscout24.de/expose/105274614
Großzügige Altbauwohnung mit Balkon auf der roten Insel,"Leberstraße 14, 10829 Berlin, Schöneberg (Schöneberg)", ,2 von 4,139 m²,sofort,"4,5", ,1, , ,1.740 €,+ 204 €,+ 134 €,2.078 €, , ,http://www.immobilienscout24.de/expose/108792603
Schönes Apartment als Zweitwohnung oder Hotelersatz,"Motzstr. 57, 10777 Berlin, Schöneberg (Schöneberg)", ,1 von 6,29 m²,sofort,1, ,1, , ,550 €,+ 77 €,inkl. 25 €,627 €, , ,http://www.immobilienscout24.de/expose/108757474
Erstbezug nach Sanierung - Wohnen im schönen Friedenau,"Lauterstr. 27/28, 12159 Berlin, Friedenau (Schöneberg)", ,3 von 5,"112,87 m²",nach Vereinbarung,3,2,1, ,Nach Vereinbarung,1.330 €,+ 190 €,+ 120 €,1.640 €, , ,http://www.immobilienscout24.de/expose/108380017
Helle 2 Zi.Whg. in den Sarotti-Höfen mit offener Wohnküche // Besichtigung nach Vereinbarung,"Mehringdamm 57, 10961 Berlin, Kreuzberg (Kreuzberg)", ,2 von 3,"88,78 m²",01.01.2019,2,1,1, , ,1.245 €,+ 105 €,nicht in Nebenkosten enthalten,1.350 € (zzgl. Heizkosten), , ,http://www.immobilienscout24.de/expose/108798048
"umfassend modernisiert mit Einbauküche, Dusche und Parkett","Andreasstraße 20, 10243 Berlin, Friedrichshain (Friedrichshain)", ,5 von 17,"29,6 m²",sofort,1, , , , ,755 €,+ 32 €,+ 38 €,825 €, , ,http://www.immobilienscout24.de/expose/108794345
Sanierungsbeginn für gemütliche 2 Zimmerwohnung mit Garten,"Schwiegersteig 18, 13629 Berlin-Spandau, Siemensstadt (Spandau)", ,0 von 2,"52,57 m²",01.01.2019,2,1,1, , ,618 €,+ 95 €,+ 40 €,753 €, , ,http://www.immobilienscout24.de/expose/108411007
Studentenwohnung möbliert nur an Studenten mit Studienbescheinigung,"Bitterfelder Str. 27, 12681 Alt-Hohenschönhausen, Marzahn (Marzahn)", ,1 von 3,38 m²,sofort,"1,5",1,1, , ,450 €,+ 70 €,inkl. 0 €,520 €, , ,http://www.immobilienscout24.de/expose/108616312
"Umfassend modernisiert mit Einbauküche, Duschbad und Parkett","Heckmannufer 3, 10997 Berlin, Kreuzberg (Kreuzberg)", ,3 von 5,50 m²,sofort,2, , , , ,1.100 €,+ 63 €,+ 62 €,1.225 €, , ,http://www.immobilienscout24.de/expose/108541257
"Schöne, 2 Zimmer Wohnung in Berlin, Borsigwalde Wittenau (Reinickendorf)",13509 Berlin Die vollständige Adresse der Immobilie erhalten Sie vom Anbieter., ,3 von 3,65 m²,ab sofort,2, ,1, ,Nein,639 €,+ 65 €,nicht in Nebenkosten enthalten,704 € (zzgl. Heizkosten), , ,http://www.immobilienscout24.de/expose/108504589
Schöne Wohnung am Weißensee,"Berliner Allee 189, 13088 Berlin, Weißensee (Weißensee)", ,2 von 4,69 m²,Sofort,2,1,1, ,Nach Vereinbarung,540 €,+ 120 €,nicht in Nebenkosten enthalten,660 € (zzgl. Heizkosten), , ,http://www.immobilienscout24.de/expose/108725097
"2-Zi Wohnung mit Balkon in Südausrichtung, ruhiger Lage",14165 Berlin Die vollständige Adresse der Immobilie erhalten Sie vom Anbieter., ,1 von 3,68 m²,16.12.2018,2,1,1, ,Nach Vereinbarung,750 €,+ 230 €,in Nebenkosten enthalten,980 €, , ,http://www.immobilienscout24.de/expose/83490461
"+++Feuerlandhöfe auf zum letzten Abschnitt, wohnen in neuen Dimensionen+++","Schwartzkopffstraße 7 F, 10115 Berlin, Mitte (Mitte)", ,4 von 5,"86,95 m²",01.02.2019,3,2,1, ,Nach Vereinbarung,"1.565,42 €","+ 143,55 €","+ 73,94 €","1.790,33 €", , ,http://www.immobilienscout24.de/expose/108707765
"Schöne möblierte zwei Zimmer Wohnung in Berlin, Moabit","Wilsnackerstr. 39, 10559 Berlin, Tiergarten (Tiergarten)", ,1 von 4,50 m²,01.08.2017,2, ,1, ,Nein,890 €,+ 40 €,in Nebenkosten enthalten,930 €, , ,http://www.immobilienscout24.de/expose/97186663
"Ruhige 2-Zimmer-Wohnung mit Balkon in Lankwitz (Steglitz), Berlin","Schulstrasse 5, 12247 Berlin, Lankwitz (Steglitz)", ,1 von 4,44 m²,ab sofort,2, ,1, , ,500 €,+ 200 €,in Nebenkosten enthalten,700 €, , ,http://www.immobilienscout24.de/expose/108855074
Ruhige 1-Zimmer Wohnung mit Balkon,"Kyllmannstr. 22-23, 14109 Berlin, Wannsee (Zehlendorf)", ,1 von 3,"38,75 m²",Februar 2019,1, ,1, ,Nein,465 €,+ 40 €,inkl. 40 €,545 €, , ,http://www.immobilienscout24.de/expose/91349012
SANIERTE 3-Zimmerwohnung in ruhiger Straße,"Konradinstraße 28, 12105 Berlin, Tempelhof (Tempelhof)", ,3 von 5,"98,77 m²",01.12.2018,3,2,2, , ,"1.382,78 €",+ 110 €,+ 100 €,"1.592,78 €", , ,http://www.immobilienscout24.de/expose/87106068
"Exklusive Dachgeschosswohnung im Mehrfamilienhaus direkt am Großen Müggelsee, Erstbezug","Müggelseedamm 270, 12587 Berlin, Friedrichshagen (Köpenick)", ,4 von 4,"67,92 m²",ab sofort,2, ,1, ,Nach Vereinbarung,1.698 €,"+ 190,18 €",in Nebenkosten enthalten,"1.888,18 €", , ,http://www.immobilienscout24.de/expose/108357309
LEBEN IM HERZEN VON BERLIN IN TOP MÖBLIERTER LUXUSWOHNUNG,"Wollinerstrasse 14, 10435 Berlin, Mitte (Mitte)", ,1 von 5,65 m²,01.01.2019,2,1,1, ,Nach Vereinbarung,1.295 €,+ 194 €,in Nebenkosten enthalten,1.489 €, , ,http://www.immobilienscout24.de/expose/89337302
Zentrale Lage City west - mit Gartenzugang - von privat,10629 Berlin Die vollständige Adresse der Immobilie erhalten Sie vom Anbieter., ,0 von 4,86 m²,sofort,3,3,1, ,Nach Vereinbarung,955 €,+ 110 €,+ 110 €,1.175 €, , ,http://www.immobilienscout24.de/expose/62923109
"Erstbezug nach Mod.! 3 Zimmer, Balkon, Laminat!","Bruno Walter Straße 11, 12247 Berlin, Lankwitz (Steglitz)", ,1,70 m²,01.12.2018,3,2,1, ,Nach Vereinbarung,804 €,"+ 194,90 €",in Nebenkosten enthalten,"998,90 €", , ,http://www.immobilienscout24.de/expose/108679717
Möblierte Wohnung Schwedter Straße - Furnished apartment Schwedter Straße - flat rate.,10435 Berlin Die vollständige Adresse der Immobilie erhalten Sie vom Anbieter., ,0 von 4,60 m²,ab sofort,2, ,1, ,Nach Vereinbarung,1.150 €,+ 300 €,in Nebenkosten enthalten,1.450 €, , ,http://www.immobilienscout24.de/expose/108728972
Schöne 3 Zimmer Wohnung im Bergmannkiez!,"Bergmannstraße 27, 10961 Berlin, Kreuzberg (Kreuzberg)", ,3 von 5,106 m², ,3, , , , ,1.484 €,"+ 161,12 €","+ 84,80 €","1.729,92 €", , ,http://www.immobilienscout24.de/expose/108640235
"Wunderschöne 2,5-Zimmer-Wohnung mit Balkon und Einbauküche in Prenzlauer Berg, Berlin","Wörther Straße 32, 10405 Berlin, Prenzlauer Berg (Prenzlauer Berg)", ,4 von 5,80 m²,15.01.2019,"2,5", ,1, ,Nach Vereinbarung,1.300 €,+ 195 €,in Nebenkosten enthalten,1.495 €, , ,http://www.immobilienscout24.de/expose/108838478
Beuth-Hochschule in der Nähe: Single-Wohnung - modernisiert,"Transvaalstraße 14, 13351 Berlin, Wedding (Wedding)", ,1 von 4,36 m²,sofort,1, , , , ,540 €,+ 60 €,+ 40 €,640 €, , ,http://www.immobilienscout24.de/expose/108661668
Hochwertiges Designer-Penthouse im attraktiven Sapphire!,"Schwartzkopffstraße 1 A, 10115 Berlin, Mitte (Mitte)", ,6 von 6,107 m²,sofort,3,2,2, , ,2.750 €,+ 370 €,in Nebenkosten enthalten,3.120 €, , ,http://www.immobilienscout24.de/expose/108567948
Schicke Dreiraumwohnung mit Balkon,"Reichenberger Str. 5, 10999 Berlin, Kreuzberg (Kreuzberg)", ,4 von 6,"82,48 m²", ,3, , , , ,1.222 €,+ 223 €,in Nebenkosten enthalten,1.445 €, , ,http://www.immobilienscout24.de/expose/108127033
"Erstbezug: attraktive 2-Zimmer-Wohnung mit Balkon in Karlshorst (Lichtenberg), Berlin","Ehrlichstraße 33, 10318 Berlin, Karlshorst (Lichtenberg)", ,2 von 4,"61,17 m²",01.01.2019,2, ,1, ,Nach Vereinbarung,700 €,+ 150 €,in Nebenkosten enthalten,850 €, , ,http://www.immobilienscout24.de/expose/108705085
Luxus Apartment mit Doorman und Sicherheitsstufe A im Tiergarten,"Corneliusstraße 3, 10787 Berlin, Tiergarten (Tiergarten)", ,2 von 4,"137,06 m²", ,3, ,2, ,Ja,1.890 €,+ 650 €,in Nebenkosten enthalten,2.540 €, , ,http://www.immobilienscout24.de/expose/92741737
Schicke 2-Wohnung in Grunewald !,"Höhmannstr. 5-7, 14193 Berlin, Grunewald (Wilmersdorf)", ,0,"76,27 m²", ,2, ,1, , ,999 €,"+ 331,76 €",in Nebenkosten enthalten,"1.330,76 €", , ,http://www.immobilienscout24.de/expose/106239039
Elegant & großzügig – Das „Upper Eastside Berlin“!,"Unter den Linden 16, 10117 Berlin, Mitte (Mitte)", ,6 von 7,192 m²,sofort,4,2,1, , ,3.400 €,+ 880 €,+ 180 €,4.280 €, , ,http://www.immobilienscout24.de/expose/108669346
Erstklassische Luxus-City-Wohnung! Marmorbäder und 2 Balkone...,"Dahlmannstraße 9, 10629 Berlin, Charlottenburg (Charlottenburg)", ,1 von 5,165 m²,sofort,4,3,2, ,Nein,4.000 €,+ 500 €,in Nebenkosten enthalten,4.500 €, , ,http://www.immobilienscout24.de/expose/108656710
"Umfassend sanierte Wohnung mit Einbauküche, Parkett und Balkon","Brettnacher Straße 25, 14167 Berlin, Zehlendorf (Zehlendorf)", ,2 von 4,"58,68 m²",sofort,2, , , , ,950 €,+ 53 €,+ 87 €,1.090 €, , ,http://www.immobilienscout24.de/expose/108774906
"Sonnige Wohnung mit Südbalkon, Einbauküche, Aufzug und Tiefgaragenplatz im Erstbezug!","Lehrter Str. 24D, 10557 Berlin, Tiergarten (Tiergarten)", ,2 von 5,"102,17 m²",01.03.2019,4,3,2, ,Nach Vereinbarung,1.632 €,+ 488 €,inkl. 125 €,2.120 €, , ,http://www.immobilienscout24.de/expose/108831258
Vermiete auf Zeit einmalige Penthousewohnung - Berlin Mitte - wunderbarer Ausblick - möbiliert,10435 Berlin Die vollständige Adresse der Immobilie erhalten Sie vom Anbieter., ,3 von 7,210 m²,01.10.2018,5, ,2, , ,2.650 €,+ 450 €,in Nebenkosten enthalten,3.100 €, , ,http://www.immobilienscout24.de/expose/105381800
Umfassend sanierte Wohnung mit Einbauküche und Parkett,"Schillingstraße 17, 13403 Berlin, Reinickendorf (Reinickendorf)", , ,"37,94 m²",sofort,"1,5", , , , ,650 €,+ 62 €,+ 25 €,737 €, , ,http://www.immobilienscout24.de/expose/108658583
3-Raum-Wohnung in Berlin-Kaulsdorf zu vermieten,"Brodauer Str. 44, 12621 Berlin, Kaulsdorf (Hellersdorf)", ,0 von 3,"55,31 m²",01.02.2019,3,1,1, ,Nach Vereinbarung,450 €,+ 110 €,+ 90 €,650 €, , ,http://www.immobilienscout24.de/expose/56506280
"1-Zimmer-Erdgeschosswohnung mit Einbauküche in Prenzlauer Berg, Berlin","Cotheniusstraße 1, 10407 Berlin, Prenzlauer Berg (Prenzlauer Berg)", , ,19 m²,ab sofort,1, ,1, ,Nein,338 €,+ 35 €,in Nebenkosten enthalten,373 €, , ,http://www.immobilienscout24.de/expose/108740798
Erstbezug nach umfassender Modernisierung - mit Balkon,"Wikingerufer 5, 10555 Berlin, Tiergarten (Tiergarten)", ,4 von 4,"62,89 m²",sofort,2, , , , ,1.060 €,+ 60 €,+ 80 €,1.200 €, , ,http://www.immobilienscout24.de/expose/108519668
**HAUSMEISTER Wohnung im EG** (3 Zi) auf Mini-Job Basis,"Hultschiner Damm 46, 12623 Berlin, Mahlsdorf (Hellersdorf)", ,0 von 4,76 m²,01.01.2019,3, ,1, ,Nach Vereinbarung,822 €,+ 264 €,in Nebenkosten enthalten,1.086 €, , ,http://www.immobilienscout24.de/expose/106809545
Entspannt - inspiriert - lässig. Neubau-Appartment mit gehobener Ausstattung.,"Richard-Sorge-Straße 52, 10249 Berlin - Friedrichshain, Friedrichshain (Friedrichshain)", ,1 von 7,120 m²,01.02.2019,3,1,2, ,Nach Vereinbarung,1.440 €,+ 270 €,in Nebenkosten enthalten,1.710 €, , ,http://www.immobilienscout24.de/expose/61556351
2 Zimmer am S-Bahnhof Wollank !,13359 Berlin Die vollständige Adresse der Immobilie erhalten Sie vom Anbieter., ,4,"58,14 m²", ,2, ,1, , ,"697,68 €",+ 87 €,nicht in Nebenkosten enthalten,"784,68 € (zzgl. Heizkosten)", , ,http://www.immobilienscout24.de/expose/107938848
Friedrichshain: Moderne 3-Zimmer Wohnung,"Matthiasstrasse 11, 10249 Berlin Friedrichshain, Friedrichshain (Friedrichshain)", ,1 von 6,97 m²,15.01.2019,3,2,1, ,Nein,1.358 €,+ 170 €,+ 130 €,1.658 €, , ,http://www.immobilienscout24.de/expose/74601921
"Erstbezug! Einbauküche, Aufzug, Echtholzparkett, zwei Balkone und und und...","Alte Jakobstraße 75, 10179 Berlin, Mitte (Mitte)", , ,"80,57 m²",sofort,2, ,1, ,Nach Vereinbarung,1.435 €,+ 215 €,inkl. 100 €,1.650 €, , ,http://www.immobilienscout24.de/expose/108801871
"Hochwertige 2- Zimmer Wohnung mit Garten in ruhiger, zentraler Wohnlage in Berlin Schmargendorf","Fritz-Wildung-Strasse 14A, 14199 Berlin, Schmargendorf (Wilmersdorf)", ,1 von 5,"71,8 m²",17.12.2018,2, ,1, ,Nach Vereinbarung,1.150 €,"+ 301,85 €",in Nebenkosten enthalten,"1.451,85 €", , ,http://www.immobilienscout24.de/expose/108626277
Sehr schöne 3-Zimmer-Neubauwohnung mit sonniger Dachterrasse und Garten,"Berolinastraße 7c, 10178 Berlin, Mitte (Mitte)", ,1 von 7,"104,88 m²",01.02.2019,3, ,1, ,Nein,"1.598,32 €","+ 262,20 €",in Nebenkosten enthalten,"1.860,52 €", , ,http://www.immobilienscout24.de/expose/108840257
Schöne Zweizimmer-Wohnung nahe U6-Ullsteinstr.,"Ullsteinstr. 152a, 12105 Berlin, Mariendorf (Tempelhof)", ,2 von 4,"55,5 m²",15.2.2019,2,1,1, ,Nein,600 €,+ 300 €,in Nebenkosten enthalten,900 €, , ,http://www.immobilienscout24.de/expose/108461098
Altbau und hohe Decken in hipper Gegend,"Müggelstraße 17, 10247 Berlin-Friedrichshain, Friedrichshain (Friedrichshain)", ,1 von 4,"68,18 m²", ,2, , , , ,716 €,+ 105 €,nicht in Nebenkosten enthalten,821 € (zzgl. Heizkosten), , ,http://www.immobilienscout24.de/expose/108784466
vor Weihnachten mieten 1 Miete mietfrei Ein Wohntraum - über den Dächern Kreuzbergs,"Fidicinstr. 30, 10965 Berlin, Kreuzberg (Kreuzberg)", ,5 von 5,"86,7 m²",sofort,2, , , , ,1.740 €,+ 170 €,+ 60 €,1.970 €, , ,http://www.immobilienscout24.de/expose/108218662
"1.Zimmer, Duschbad mit Fenster, Einbauküche, Balkon Besichtigung am 19.12.18 um 13:30 Uhr",13585 Berlin Die vollständige Adresse der Immobilie erhalten Sie vom Anbieter., ,3 von 3,29 m²,01.01.2018,1,1,1, ,Nein,480 €,+ 100 €,in Nebenkosten enthalten,580 €, , ,http://www.immobilienscout24.de/expose/98854216
FU-Nähe: Einliegerwohnung in Berlin-Grunewald,"Waldmeisterstr. 4-6, 14193 Berlin, Grunewald (Wilmersdorf)", ,-1 von 2,77 m²,sofort,2,1,1, ,Nach Vereinbarung,690 €,+ 250 €,in Nebenkosten enthalten,940 €, , ,http://www.immobilienscout24.de/expose/108838793
Lichtdurchflutete Penthouse-Wohnung in Wilmersdorf,"Fasanenstraße 49, 10719 Berlin, Wilmersdorf (Wilmersdorf)", ,6 von 6,190 m²,01.09.2018,4,2,1, ,Nach Vereinbarung,3.600 €,+ 570 €,in Nebenkosten enthalten,4.170 €, , ,http://www.immobilienscout24.de/expose/106846789
2 Zimmer Wohnung mit Balkon im Prenzl-Berg!,10409 Berlin Die vollständige Adresse der Immobilie erhalten Sie vom Anbieter., ,1,"62,26 m²", ,2, ,1, , ,"943,24 €",+ 150 €,in Nebenkosten enthalten,"1.093,24 €", , ,http://www.immobilienscout24.de/expose/107297190
Exklusive Terrassenwohnung in Spitzenlage,"Albiger Weg 2, 14129 Berlin, Nikolassee (Zehlendorf)", ,0 von 2,102 m²,01.01.2019,3, ,2, ,Nach Vereinbarung,1.490 €,+ 390 €,in Nebenkosten enthalten,1.880 €, , ,http://www.immobilienscout24.de/expose/108164049
"BEQUEME, großzügige, helle 2 Zimmer-Wohnung mit überdachtem BALKON! AUFZUG! EINBAUKÜCHE! TIEFGARAGE!","Altenberger Weg 1, 13156 Berlin, Niederschönhausen (Pankow)", ,1 von 5,76 m²,sofort,2,1,1, ,Nach Vereinbarung,820 €,+ 100 €,inkl. 120 €,1.040 €, , ,http://www.immobilienscout24.de/expose/107833875
"Barrierefreie 2 Zimmer Erdgeschosswohnung mit EBK, Terrasse und sehr geräumigen Duschbad !","Reulestraße 17, 12105 Berlin, Mariendorf (Tempelhof)", ,0 von 3,"84,75 m²",sofort,2,1,1, ,Nach Vereinbarung,1.008 €,+ 186 €,+ 85 €,1.279 €, , ,http://www.immobilienscout24.de/expose/83585890
Erstbezug nach umfassender Modernisierung,"Lüneburger Straße 13, 10557 Berlin, Tiergarten (Tiergarten)", ,1 von 4,"70,94 m²",sofort,3, , , , ,1.300 €,+ 140 €,+ 60 €,1.500 €, , ,http://www.immobilienscout24.de/expose/108677287
+WILLKOMMEN IM NEUEN ZUHAUSE-ERSTBEZUG ZWISCHEN SPREE & LANDWEHRKANAL+,"Kiefholzstraße 25, 12435 Berlin, Treptow (Treptow)", ,1 von 6,"87,55 m²", ,3,2,2, ,Nach Vereinbarung,"1.313,25 €","+ 218,88 €","+ 87,33 €","1.619,46 €", , ,http://www.immobilienscout24.de/expose/108639149
"Erstbezug nach Sanierung: alles neu, alles schick","Courbièrestr. 5, 10787 Berlin, Schöneberg (Schöneberg)", ,0,107 m²,nach Absprache,"3,5",2,1, , ,1.590 €,+ 150 €,nicht in Nebenkosten enthalten,1.740 € (zzgl. Heizkosten), , ,http://www.immobilienscout24.de/expose/108812274
Umfassend modernisierte Zwei Zimmer Wohnung beim Mauerpark,"Kremmener Straße 14, 10435 Berlin, Mitte (Mitte)", ,2 von 4,"39,84 m²",sofort,2, , , , ,1.020 €,+ 60 €,+ 70 €,1.150 €, , ,http://www.immobilienscout24.de/expose/108346526
Penthousewohnung nahe Potsdamer Platz mit atemberaubendem Blick über die Stadt,10785 Berlin / Tiergarten Die vollständige Adresse der Immobilie erhalten Sie vom Anbieter., ,8 von 8,143 m², ,4,2,2, , ,3.950 €,+ 360 €,keine Angabe,4.310 € (zzgl. Heizkosten), , ,http://www.immobilienscout24.de/expose/108658903
Nachmieter für TOP SANIERTE 1-RAUM WOHNUNG IM HERZEN MARIENFELDES,"Marienfelder Allee 178, 12279 Berlin, Marienfelde (Tempelhof)", ,10 von 11,"44,58 m²",15.01.2019,1,1,1, ,Nein,"445,80 €","+ 135,97 €",in Nebenkosten enthalten,"581,77 €", , ,http://www.immobilienscout24.de/expose/99479481
Einzigartiges Dachgeschoss im Scheunenviertel!,10117 Berlin Die vollständige Adresse der Immobilie erhalten Sie vom Anbieter., ,5 von 5,220 m²,01.03.2019,5,3,2, , ,4.300 €,+ 550 €,keine Angabe,4.850 € (zzgl. Heizkosten), , ,http://www.immobilienscout24.de/expose/108631599
"3-Zimmer-Wohnung mit Blick über Berlin-Mitte, Mitte!","Neue Roßstraße 19, 10179 Berlin, Mitte (Mitte)", , ,"86,61 m²",sofort,3, ,1, ,Nach Vereinbarung,1.470 €,+ 230 €,inkl. 110 €,1.700 €, , ,http://www.immobilienscout24.de/expose/108801872
Sanierte 2-Zimmer mit EBK + Balkon,"Freibergstr. 23, 12107 Berlin, Mariendorf (Tempelhof)", ,3 von 3,59 m², ,2,2,1, ,Nach Vereinbarung,"722,75 €","+ 88,57 €","+ 29,50 €","840,82 €", , ,http://www.immobilienscout24.de/expose/108834565
Schlossblick inklusive: Großartige Maisonette mit 2 Terassen direkt am Schlosspark in Pankow,"Tschaikowskistrasse 3, 13156 Berlin, Niederschönhausen (Pankow)", ,3 von 3,"153,98 m²",15.11.2018,4,3,2, ,Nach Vereinbarung,"1.847,76 €",+ 462 €,inkl. 200 €,"2.309,76 €", , ,http://www.immobilienscout24.de/expose/108705419
"umfassend modernisiert mit Einbauküche, Parkett und Balkon","Scharnweberstraße 3, 10247 Berlin, Friedrichshain (Friedrichshain)", ,2 von 5,"73,72 m²",sofort,2, , , , ,1.290 €,+ 90 €,+ 120 €,1.500 €, , ,http://www.immobilienscout24.de/expose/108796486
Umfassend modernisierte Wohnung mit Einbauküche und Parkett,"Eitelstraße 16, 10317 Berlin, Lichtenberg (Lichtenberg)", , ,"58,09 m²",sofort,2, , , , ,815 €,+ 75 €,nicht in Nebenkosten enthalten,890 € (zzgl. Heizkosten), , ,http://www.immobilienscout24.de/expose/108507182
Stunning 3 bedrooms apartment in Charlottenburg,"Rückerstraße 1, 10119 Berlin, Mitte (Mitte)", , ,75 m²,15.11.2018,3,3,1, ,Nein,2.200 €,+ 0 €,inkl. 0 €,2.200 €, , ,http://www.immobilienscout24.de/expose/108097666
"ERSTBEZUG! 3-Zimmerwohnung im Neubau, 5 min bis KaDeWe","Keithstr. 34, 10787 Berlin, Tiergarten (Tiergarten)", ,2 von 5,75 m²,15.12.2018,3,2,1, , ,1.500 €,+ 200 €,nicht in Nebenkosten enthalten,1.700 € (zzgl. Heizkosten), , ,http://www.immobilienscout24.de/expose/108745179
Ruhige und geräumige Wohnung Mitten im P-Berg !,"Stargarderstr. 73, 10437 Berlin, Prenzlauer Berg (Prenzlauer Berg)", ,1,"73,3 m²",15.10.2018,3, ,1, , ,"1.122,96 €",+ 240 €,in Nebenkosten enthalten,"1.362,96 €", , ,http://www.immobilienscout24.de/expose/107800992
Moderne Maisonette mit großer Süd Terrasse und 2 Bädern,"Billy Wilder Promenade 13A, 14167 Berlin, Lichterfelde (Steglitz)", ,0,"132,4 m²",1.1.2019,4,3,2, ,Nach Vereinbarung,1.490 €,+ 398 €,in Nebenkosten enthalten,1.888 €, , ,http://www.immobilienscout24.de/expose/108686756
Erstbezug nach Sanierung: ruhig wohnen in Schöneberg,"Courbièrestr. 5, 10787 Berlin, Schöneberg (Schöneberg)", ,0,105 m²,nach Absprache,3,2,1, , ,1.590 €,+ 150 €,nicht in Nebenkosten enthalten,1.740 € (zzgl. Heizkosten), , ,http://www.immobilienscout24.de/expose/108482893
Sonnige Wohnung mit Balkon am Hamburger Platz,"Pistoriusstr. 101 B, 13086 Berlin, Weißensee (Weißensee)", ,2 von 4,"61,48 m²", ,2,1,1, ,Nach Vereinbarung,610 €,+ 120 €,+ 65 €,795 €, , ,http://www.immobilienscout24.de/expose/108639219
Dachgeschoss nähe Alt-Buckow Dorfkirche - WBS erforderlich,"Alt-Buckow 5a, 12349 Berlin, Buckow (Neukölln)", ,2 von 2,"74,14 m²",sofort,3,2,1, , ,"852,61 €",+ 130 €,+ 70 €,"1.052,61 €", , ,http://www.immobilienscout24.de/expose/108317714
Nähe Alt-Buckow Dorfkirche großzügige 3-Zimmer-Wohnung - WBS erforderlich,"Alt-Buckow 5a, 12349 Berlin, Buckow (Neukölln)", ,1 von 2,"80,35 m²",sofort,3,2,1, , ,"924,03 €",+ 144 €,"+ 61,62 €","1.129,65 €", , ,http://www.immobilienscout24.de/expose/108269056
Erstbezug nach Sanierung! Studiowohnung mit Terrasse und Hochebene,"Transvaalstr. 14, 13351 Berlin, Wedding (Wedding)", ,0 von 5,41 m²,kurzfristig nach Absprache,1, , , ,Nach Vereinbarung,798 €,+ 62 €,+ 30 €,890 €, , ,http://www.immobilienscout24.de/expose/108759021
modernisierte 3 Zimmer Wohnung bei der Jannowitzbrücke,"Holzmarktstraße 56, 10179 Berlin, Mitte (Mitte)", ,10 von 10,"73,1 m²",sofort,3, , , , ,1.220 €,+ 120 €,+ 60 €,1.400 €, , ,http://www.immobilienscout24.de/expose/108500015
ERSTBEZUG nach Kernsanierung! gemütliche 3 Zimmer Dachgeschosswohnung mit Weitblick vom Balkon ###,14167 Berlin (Zehlendorf) Die vollständige Adresse der Immobilie erhalten Sie vom Anbieter., ,2 von 2,66 m², ,3,2,1, ,Nach Vereinbarung,910 €,+ 165 €,inkl. 65 €,1.075 €, , ,http://www.immobilienscout24.de/expose/107729521
FLAT SHOWING ON SUNDAY: 16.12. at 2pm! RENOVATED SHARE ABLE 3-room apartment!,"Kantstraße 68, 10627 Berlin, Charlottenburg (Charlottenburg)", ,1 von 4,102 m²,sofort,3,3,1, ,Nach Vereinbarung,"1.175,96 €","+ 127,60 €",nicht in Nebenkosten enthalten,"1.303,56 € (zzgl. Heizkosten)", , ,http://www.immobilienscout24.de/expose/108521406
Neubau Erstbezug mit Blick über die Stadt - 6-Zimmer-Wohnung mit Terrasse,"Mainzer Str. 34, 12053 Berlin, Neukölln (Neukölln)", ,5 von 6,"137,46 m²",01.11.2018,6,5,2, , ,"2.061,90 €",+ 250 €,+ 140 €,"2.451,90 €", , ,http://www.immobilienscout24.de/expose/108063203
Kleines Familienidyll in der grünen Siemensstadt,"Quellweg 57, 13629 Berlin-Spandau, Siemensstadt (Spandau)", ,1 von 3,"61,06 m²",sofort,2,1,1, , ,653 €,+ 94 €,+ 52 €,799 €, , ,http://www.immobilienscout24.de/expose/107665865
"Erstvermietung: hochwertige Wohnung im Erdgeschoss, barrierefrei Nähe Kurfürstendamm","Seesener Str. 40-47, 10711 Berlin, Wilmersdorf (Wilmersdorf)", ,0 von 6,"87,68 m²",sofort,2,1,1, , ,"1.131,07 €","+ 214,82 €","+ 113,98 €","1.459,87 €", , ,http://www.immobilienscout24.de/expose/107075630
Modernes Dachgeschoss - Erstbezug nach hochertigem Ausbau,14057 Berlin Die vollständige Adresse der Immobilie erhalten Sie vom Anbieter., ,5 von 5,"190,35 m²",01.10.2018,5,3,2, , ,2.350 €,+ 280 €,+ 220 €,2.850 €, , ,http://www.immobilienscout24.de/expose/107253150
1 Zimmer Wohnung am Ring ! Mit Balkon !,10409 Berlin Die vollständige Adresse der Immobilie erhalten Sie vom Anbieter., ,3,"46,29 m²", ,1, ,1, , ,"699,90 €",+ 117 €,in Nebenkosten enthalten,"816,90 €", , ,http://www.immobilienscout24.de/expose/107431809
Dachgeschosswohnung und doch kaum Schrägen! Frisch saniert mit Balkon+Wannenbad am Schierker Platz.,"Nogatstr. 6, 12051 Berlin, Neukölln (Neukölln)", ,5 von 5,"80,58 m²",sofort,2,1,1, , ,1.050 €,+ 112 €,+ 86 €,1.248 €, , ,http://www.immobilienscout24.de/expose/108773901
Frisch für Sie saniert - Großzügige 4 Zimmerwohnung in Schöneberg,"Heylstraße 31, 10825 Berlin, Schöneberg (Schöneberg)", ,2 von 5,"124,6 m²",sofort,4,3,1, ,Nach Vereinbarung,"1.495,20 €","+ 168,21 €","+ 261,66 €","1.925,07 €", , ,http://www.immobilienscout24.de/expose/108274067
Großzügige sanierte Altbau-Wohnung in Moabit,"Oldenburgerstraße 43, 10551 Berlin, Tiergarten (Tiergarten)", ,2 von 5,85 m²,ab sofort,"2,5", ,1, ,Nein,1.050 €,+ 250 €,in Nebenkosten enthalten,1.300 €, , ,http://www.immobilienscout24.de/expose/108468876
"Traumhafte 2-Zimmerwohnung mit 34,50 qm Terrasse","Ladeburger Weg 4, 13509 Berlin, Wittenau (Reinickendorf)", ,2 von 2,92 m²,01.10.2018,2,2,1, , ,1.066 €,+ 110 €,+ 74 €,1.250 €, , ,http://www.immobilienscout24.de/expose/108262189
Auf 3 Jahre befristet: 4 Zimmer (3 bedroom) appartment mit 2 Balkonen in Prenzlauer Berg,10439 Berlin Die vollständige Adresse der Immobilie erhalten Sie vom Anbieter., ,2 von 4,112 m²,01.02.2019,4, ,1, ,Nein,1.390 €,+ 225 €,in Nebenkosten enthalten,1.615 €, , ,http://www.immobilienscout24.de/expose/106750742
Großzügige 2-Zimmer - Dielenfußboden - Balkon - Wannenbad,"Soldiner Straße 34, 13359 Berlin, Wedding (Wedding)", ,1 von 4,"69,38 m²",sofort,2,1,1, ,Nach Vereinbarung,"657,96 €",+ 150 €,in Nebenkosten enthalten,"807,96 €", , ,http://www.immobilienscout24.de/expose/108679877
Umfassend modernisierte Wohnung mit Einbauküche und Parkett,"Schillingstraße 16, 13403 Berlin, Reinickendorf (Reinickendorf)", ,2 von 3,"56,22 m²",sofort,2, , , , ,800 €,+ 93 €,+ 37 €,930 €, , ,http://www.immobilienscout24.de/expose/108726222
Umfassend sanierte Wohnung mit Einbauküche und Parkett,"Lynarstraße 24, 13585 Berlin, Spandau (Spandau)", ,1 von 4,"113,44 m²",sofort,4, , , , ,1.140 €,+ 170 €,+ 87 €,1.397 €, , ,http://www.immobilienscout24.de/expose/108320456
CITY-CONCEPT: Moderne sonnige Komfortwohnung mit Vollausstattung in den Klostergärten,"Klosterstraße 65, 10179 Berlin, Mitte (Mitte)", ,4,"88,41 m²",15.12.18,3,2,2, , ,1.630 €,+ 205 €,in Nebenkosten enthalten,1.835 €, , ,http://www.immobilienscout24.de/expose/107918666
"sanierte sonnige 3-Zimmerwohnung, Besichtigung 19.12.2018 um 13:00 Uhr!","Eisenacher Str. 52c, 12109 Berlin, Mariendorf (Tempelhof)", ,1 von 4,"70,05 m²",sofort,3,1,1, ,Nach Vereinbarung,700 €,+ 140 €,+ 110 €,950 €, , ,http://www.immobilienscout24.de/expose/100779747
Wohnen in Pankow,"Heegermühler Weg 24, 13156 Berlin, Niederschönhausen (Pankow)", ,2 von 4,"81,74 m²",Nach vereinbarung,3, , , , ,859 €,+ 100 €,+ 115 €,1.074 €, , ,http://www.immobilienscout24.de/expose/101035835
Moderne 3-Zimmer-Stuckaltbauwohnung ruhige Kiezlage mit Marken-EBK / Luxusbad / Gäste-WC / Balkon,10551 Berlin Die vollständige Adresse der Immobilie erhalten Sie vom Anbieter., ,3 von 5,"109,8 m²",01.04.2019,3,3,1, ,Nach Vereinbarung,1.650 €,+ 200 €,in Nebenkosten enthalten,1.850 €, , ,http://www.immobilienscout24.de/expose/86302509
umfassend modernisierte Wohnung mit Einbauküche und Balkon,"Schnellerstraße 71A, 12439 Berlin, Niederschöneweide (Treptow)", , ,"73,35 m²",sofort,3, , , , ,769 €,+ 89 €,+ 137 €,995 €, , ,http://www.immobilienscout24.de/expose/108732063
"Wedding, 2 Zimmer, Einbauküche, Balkon","Türkenstraße 21, 13349 Berlin, Wedding (Wedding)", ,1 von 5,"61,67 m²",sofort,3, , , , ,1.135 €,+ 95 €,+ 70 €,1.300 €, , ,http://www.immobilienscout24.de/expose/108314750
"ATTRAKTIVE PÄRCHEN-WOHNUNG IM ARCHITEKTENHAUS! BALKON,EBK, PARKETT, LIFT UVM, FREI AB 01.2019",13187 Berlin Die vollständige Adresse der Immobilie erhalten Sie vom Anbieter., ,3 von 4,"90,32 m²",01.01.2019,3,2,1, ,Nach Vereinbarung,"1.174,16 €",+ 340 €,keine Angabe,"1.514,16 € (zzgl. Heizkosten)", , ,http://www.immobilienscout24.de/expose/108488661
Top-sanierte 3-Zimmerwohnung mit offener Küche und Wintergarten,"Römerweg 54, 10318 Berlin, Karlshorst (Lichtenberg)", ,0 von 4,"74,77 m²",sofort,3,2,1, ,Nach Vereinbarung,853 €,+ 165 €,inkl. 93 €,1.111 €, , ,http://www.immobilienscout24.de/expose/108490375
"Erstbezug nach Sanierung! Hier bleiben keine Wünsche offen! WG geeignet, mit Balkon","Schwabstr. 21, 13409 Berlin, Reinickendorf (Reinickendorf)", ,1 von 4,"66,11 m²",sofort,3,3, , ,Nach Vereinbarung,"793,32 €",+ 160 €,nicht in Nebenkosten enthalten,"953,32 € (zzgl. Heizkosten)", , ,http://www.immobilienscout24.de/expose/107982679
"Wedding 3 Zimmer, Einbauküche","Lüderitzstraße 56, 13351 Berlin, Wedding (Wedding)", ,1 von 5,"62,2 m²",sofort,3, , , , ,1.075 €,+ 100 €,+ 75 €,1.250 €, , ,http://www.immobilienscout24.de/expose/108314281
"Wedding Einbauküche, Waschtrockner","Bornemannstraße 6, 13357 Berlin, Wedding (Wedding)", ,1 von 6,"37,83 m²",sofort,2, , , , ,800 €,+ 60 €,+ 40 €,900 €, , ,http://www.immobilienscout24.de/expose/108726831
Wohnen im ältesten Hochhaus Berlins am Roseneck,"Hohenzollerndamm 105, 14199 Berlin, Schmargendorf (Wilmersdorf)", ,11 von 16,83 m²,01.03.2018,3,1,1, ,Nach Vereinbarung,750 €,+ 212 €,in Nebenkosten enthalten,962 €, , ,http://www.immobilienscout24.de/expose/102345690
Hochwertige Maisonettewohnung am Amalienpark,"Breite Straße 3 a, 13187 Berlin, Pankow (Pankow)", ,2 von 3,"175,37 m²",01.10.2018,5,3,2, , ,2.250 €,+ 241 €,+ 241 €,2.732 €, , ,http://www.immobilienscout24.de/expose/85692417
"Möblierte 2,5-Zimmer-Wohnung in verkehrsgünstiger Grünruhelage Berlin-Frohnau",13465 Berlin Die vollständige Adresse der Immobilie erhalten Sie vom Anbieter., , ,"73,23 m²",nach Vereinbarung,"2,5",1,1, , ,1.480 €,+ 260 €,in Nebenkosten enthalten,1.740 €, , ,http://www.immobilienscout24.de/expose/107314759
Erstbezug nach Sanierung - Komfortwohnung mit Ambiente,"Natalissteig 7, 13629 Berlin-Spandau, Siemensstadt (Spandau)", ,2 von 2,"51,82 m²",sofort,2,1,1, , ,609 €,+ 98 €,+ 42 €,749 €, , ,http://www.immobilienscout24.de/expose/107797080
Terrassen-Wohnung am vielleicht schönsten Platz Berlins....,"Winterfeldstraße 97, 10777 Berlin, Schöneberg (Schöneberg)", , ,230 m²,sofort,7,2, , , ,2.760 €,+ 300 €,+ 230 €,3.280 €, , ,http://www.immobilienscout24.de/expose/108507095
*ERSTBEZUG nach Sanierung*EBK*W-Bad*gr Balkon*ruhige Lage,"Solferinostraße 19, 13403 Berlin, Reinickendorf (Reinickendorf)", , ,"59,14 m²",sofort,2, , , ,Nach Vereinbarung,715 €,+ 123 €,+ 81 €,919 €, , ,http://www.immobilienscout24.de/expose/108719903
3- Zimmer-Neubauwohnung -76 m² - auf der Wilmersdorfer Straße !!!,"Wilmersdorfer Straße 142, 10585 Berlin, Charlottenburg (Charlottenburg)", ,2 von 5,"76,5 m²",01.12.2018,3,2,1, ,Nach Vereinbarung,"879,75 €",+ 170 €,+ 100 €,"1.149,75 €", , ,http://www.immobilienscout24.de/expose/70891181
Dachgeschoss mit großer Terrasse zentral am Adenauer Platz ( auch teilgewerblich ),10709 Berlin Die vollständige Adresse der Immobilie erhalten Sie vom Anbieter., ,6 von 6,203 m²,sofort,5,1,1, ,Nach Vereinbarung,2.430 €,+ 772 €,in Nebenkosten enthalten,3.202 €, , ,http://www.immobilienscout24.de/expose/49086653
"Besichtigung am Donnerstag, den 06.12. um 17:15 Uhr, TOLLE 2 ZIMMER WOHNUNG","Grünauer Straße 129 b, 12557 Berlin, Köpenick (Köpenick)", ,2,"59,62 m²",sofort,2,2,1, ,Nach Vereinbarung,540 €,"+ 139,90 €",in Nebenkosten enthalten,"679,90 €", , ,http://www.immobilienscout24.de/expose/108724479
"Erstbezug: stilvolle, geräumige 2-Zimmer-EG-Wohnung mit EBK in Köpenick, Berlin","Friedrichshagener Straße 2, 12555 Berlin, Köpenick (Köpenick)", , ,83 m²,April 2019,2, ,1, ,Nach Vereinbarung,1.205 €,keine Angabe,in Nebenkosten enthalten,1.205 € (zzgl. Nebenkosten), , ,http://www.immobilienscout24.de/expose/107938381
"BERLIN MITTE - Concierge, Schwimmbad, Spa - 2 Zimmer- 360°-Besichtigung","Bertolt-Brecht-Platz 2, 10117 Berlin, Mitte (Mitte)", ,3 von 9,92 m²,sofort,2,2,1, , ,1.690 €,+ 430 €,+ 100 €,2.220 €, , ,http://www.immobilienscout24.de/expose/108724781
**2-Zimmer-Wohnung mit großer Terrasse in Friedrichshain**,"Rigaer Str. 18F, 10247 Berlin, Friedrichshain (Friedrichshain)", , ,"71,72 m²",01.02.2019,2, , , , ,"876,49 €",+ 95 €,"+ 71,72 €","1.043,21 €", , ,http://www.immobilienscout24.de/expose/108809654
Umfassend modernisierte Wohnung mit Einbauküche,"Romanshorner Weg 23a, 13407 Berlin, Reinickendorf (Reinickendorf)", ,4 von 4,"62,07 m²",sofort,2, , , , ,850 €,+ 110 €,+ 60 €,1.020 €, , ,http://www.immobilienscout24.de/expose/108726856
"2,5-Zimmerneubauwohnung in Berlin-Britz","Friedrichsbrunner Str. 30, 12347 Berlin, Britz (Neukölln)", ,4 von 4,58 m²,01.02.2019,"2,5",1,1, , ,433 €,+ 100 €,+ 65 €,598 €, , ,http://www.immobilienscout24.de/expose/102945554
Albau in ruhiger und grüner Lage,"Charlottenstraße 18C, 12557 Berlin, Köpenick (Köpenick)", ,3 von 3,"63,94 m²",ab sofort,3, , , , ,"493,04 €","+ 96,56 €","+ 75,62 €","665,22 €", , ,http://www.immobilienscout24.de/expose/108753281
Repräsentatives 2-Zimmer-Appartment am Potsdamer Platz,"Bellevuestraße 1, 10785 Berlin, Tiergarten (Tiergarten)", ,11 von 11,75 m²,01.01.2019,2,1,1, , ,1.268 €,+ 520 €,in Nebenkosten enthalten,1.788 €, , ,http://www.immobilienscout24.de/expose/108519482
Stilvolles Penthouse mit Dachterrasse in Berlin-Mitte,"Reinhardtstraße 8, 10117 Berlin, Mitte (Mitte)", ,4 von 4,177 m²,01.01.2019,4,3,2, ,Nach Vereinbarung,2.900 €,+ 500 €,inkl. 0 €,3.400 €, , ,http://www.immobilienscout24.de/expose/102148826
"Schöne, geräumige zwei Zimmer Wohnung in Berlin, Lichterfelde (Steglitz)","Ostpreußendamm 101, 12207 Berlin, Lichterfelde (Steglitz)", , ,65 m²,16.01.2019,2, ,1, , ,"682,50 €","+ 94,25 €","+ 48,75 €","825,50 €", , ,http://www.immobilienscout24.de/expose/96309214
Wohnen im ältesten Hochhaus Berlins am Roseneck,"Hohenzollerndamm 105, 14199 Berlin, Schmargendorf (Wilmersdorf)", ,5 von 16,83 m²,sofort,3,1,1, ,Nach Vereinbarung,750 €,+ 212 €,in Nebenkosten enthalten,962 €, , ,http://www.immobilienscout24.de/expose/108543341
Exklusive Maisonette-Wohnung mit großzügiger Terrasse und Aufzug,"Charlottenburger Straße 28, 14169 Berlin, Zehlendorf (Zehlendorf)", ,1 von 2,200 m²,01.01.2019,7, ,2, , ,2.300 €,+ 580 €,in Nebenkosten enthalten,2.880 €, , ,http://www.immobilienscout24.de/expose/89956169
Gutshof Rosenthal - 2 Zimmer mit Gartenterrasse!,"Hauptstr. 143, 13158 Berlin, Rosenthal (Pankow)", , ,"81,34 m²",01.06.2018,2,1,1, , ,1.098 €,+ 244 €,in Nebenkosten enthalten,1.382 €, , ,http://www.immobilienscout24.de/expose/105792232
modernes Studio mit Balkon - Erstbezug-,"Hauptstrasse 14, 13158 Berlin, Rosenthal (Pankow)", ,3 von 6,"45,24 m²",01.03.2019,2,1,1, , ,"655,98 €","+ 113,10 €",keine Angabe,"769,08 € (zzgl. Heizkosten)", , ,http://www.immobilienscout24.de/expose/108434788
3 Zimmer-Appartment am Park,"Flottwellstr. 44, 10785 Berlin, Tiergarten (Tiergarten)", ,3 von 7,"114,99 m²",01.01.2019,3,2,2, , ,"1.724,85 €","+ 287,48 €",in Nebenkosten enthalten,"2.133,33 €", , ,http://www.immobilienscout24.de/expose/83063620
"Erstbezug nach hochwertiger Sanierung! Dachgeschoss, Altstadt mit Wasserblick und Terrasse (VH DG)","Lindenufer 19, 13597 Berlin, Spandau (Spandau)", ,5 von 5,"123,34 m²",sofort,4,4,1, ,Nach Vereinbarung,"1.480,08 €",+ 185 €,nicht in Nebenkosten enthalten,"1.665,08 € (zzgl. Heizkosten)", , ,http://www.immobilienscout24.de/expose/108190828
"EXKLUSIVE RESIDENZ IN RUHIGER LAGE! BALKON, LOGIA, PARKETT, LIFT UVM, FREI AB 01.2019",13187 Berlin Die vollständige Adresse der Immobilie erhalten Sie vom Anbieter., ,3 von 4,"90,32 m²",01.01.2019,3,2,1, ,Nach Vereinbarung,1.174 €,+ 340 €,keine Angabe,1.514 € (zzgl. Heizkosten), , ,http://www.immobilienscout24.de/expose/107727397
+++Modernes Wohnen in exklusivem Niedrigenergiehaus in Toplage Berlin-Mitte+++,"Ziegelstraße 25, 10117 Berlin, Mitte (Mitte)", ,1 von 5,133 m²,sofort,3,2,1, , ,1.990 €,+ 500 €,inkl. 235 €,2.490 €, , ,http://www.immobilienscout24.de/expose/105946128
"4-Zimmer-Dachgeschoss in Grünau mit Wasserblick - neue Einbauküche, Aufzug, 2 Balkone, Gäste-WC","Königsseestr. 10, 12527 Berlin, Grünau (Köpenick)", ,5 von 5,"158,83 m²",sofort,4,3,2, ,Nach Vereinbarung,1.429 €,+ 160 €,inkl. 160 €,1.749 €, , ,http://www.immobilienscout24.de/expose/106469430
Traumhaft sanierte Altbauwohnung in Treptow !,"Klingerstraße 2, 12435 Berlin, Plänterwald (Treptow)", ,1 von 4,132 m²,01.12.2018,3,2,1, ,Nach Vereinbarung,"1.497,50 €",+ 175 €,+ 108 €,"1.780,50 €", , ,http://www.immobilienscout24.de/expose/108626252
Gemütliche Wohnung nahe Altstadt Spandau am Koeltzpark,"Kirchhofstraße 24, 13585 Berlin, Spandau (Spandau)", ,2 von 4,"67,3 m²",01.12.2018,3,2,1, ,Nach Vereinbarung,690 €,+ 130 €,nicht in Nebenkosten enthalten,820 € (zzgl. Heizkosten), , ,http://www.immobilienscout24.de/expose/108378657
Sonniges Dachgeschoss mit 2 Terrassen und Wintergarten in begehrter Lage -mit Aufzug,"Schlüterstr. 70, 10625 Berlin, Charlottenburg (Charlottenburg)", ,5 von 5,"183,98 m²",1.1.2019,4, ,2, ,Nach Vereinbarung,2.121 €,+ 415 €,in Nebenkosten enthalten,2.536 €, , ,http://www.immobilienscout24.de/expose/108834373
3 moderne Zimmer mit OST/SÜD Balkon - Erstbezug-,"Hauptstrasse 14, 13158 Berlin, Rosenthal (Pankow)", ,4 von 6,"102,19 m²",01.03.2019,3,2,1, , ,"1.379,57 €","+ 255,48 €",in Nebenkosten enthalten,"1.635,04 €", , ,http://www.immobilienscout24.de/expose/108434801
Wohnen auf Zeit - Friedrichshein - 5min von Alex,"Barnimstraße 14, 10249 Berlin, Friedrichshain (Friedrichshain)", , ,34 m²,04.01.2018,1, , , , ,1.400 €,keine Angabe,nicht in Nebenkosten enthalten,1.650 € (zzgl. Nebenkosten & Heizkosten), , ,http://www.immobilienscout24.de/expose/108760735
Neubau Erstbezug - Nähe Gärten der Welt - ohne WBS,"Joachim-Ringelnatz-Straße 8, 12683 Berlin, Biesdorf (Marzahn)", ,1 von 5,"99,01 m²",ab sofort,4, , , , ,"989,11 €","+ 168,32 €","+ 79,21 €","1.236,64 €", , ,http://www.immobilienscout24.de/expose/108439425
Traumhafte Dachgeschosswohnung mit Panoramablick!,"Ueckermünder Straße 2, 10439 Berlin, Prenzlauer Berg (Prenzlauer Berg)", ,5 von 5,125 m²,sofort,3,2,1, , ,1.750 €,+ 250 €,keine Angabe,2.000 € (zzgl. Heizkosten), , ,http://www.immobilienscout24.de/expose/108631596
Berlin-Mitte - Top-Möblierte 2 Zimmerwohnung mit Balkon und Concierge - 360°-Besichtigung,"Schützenstr. 41, 10117 Berlin, Mitte (Mitte)", ,3 von 7,60 m²,sofort,2,1,1, ,Nein,1.500 €,+ 180 €,+ 65 €,1.745 €, , ,http://www.immobilienscout24.de/expose/108798777
Familienwohnung im charmanten Altbau,"Wilhelm-Stolze-Straße 38, 10249 Berlin-Friedrichshain, Friedrichshain (Friedrichshain)", ,2 von 5,"91,06 m²", ,3, , , , ,1.002 €,+ 191 €,+ 102 €,1.295 €, , ,http://www.immobilienscout24.de/expose/108773171
"Dachgeschosswohnung im Szenekiez, große Dachterrasse, fußläufig zu Mercedes Benz Arena","Marchlewskistraße 93, 10243 Berlin, Friedrichshain (Friedrichshain)", ,4 von 4,"90,95 m²",01.01.2019,3,2,1, ,Nach Vereinbarung,1.455 €,+ 130 €,+ 90 €,1.675 €, , ,http://www.immobilienscout24.de/expose/104744542
***GROßZÜGIGE 4-ZIMMERWOHNUNG MIT TERRASSE NÄHE RATHAUS STEGLITZ***,"Hindenburgdamm 56, 12203 Berlin, Lichterfelde (Steglitz)", ,4 von 4,"122,16 m²",sofort,4,3,1, ,Nach Vereinbarung,"1.343,76 €",+ 235 €,inkl. 100 €,"1.678,76 €", , ,http://www.immobilienscout24.de/expose/108721962
2 Zimmer Wohnung mit Einbauküche Nahe Jannowitzbrücke,"Rungestraße 25, 10179 Berlin, Mitte (Mitte)", ,5,"69,95 m²",sofort,2, , , , ,1.200 €,+ 125 €,+ 75 €,1.400 €, , ,http://www.immobilienscout24.de/expose/108720993
Wohnung in zentraler Lage in Charlottenburg,"Augsburger Straße 37, 10789 Berlin, Charlottenburg (Charlottenburg)", ,5 von 5,"79,88 m²",sofort,2,1,2, ,Nach Vereinbarung,1.438 €,+ 221 €,inkl. 79 €,1.659 €, , ,http://www.immobilienscout24.de/expose/106871870
### ULMANN IMMOBILIEN gemütliche Dachgeschoss-Wohnung in S-Bahn Nähe ###,"Wilhelmstraße 4, 13467 Berlin, Hermsdorf (Reinickendorf)", , ,65 m²,01.12.2018,2,2,1, ,Nach Vereinbarung,675 €,+ 80 €,+ 60 €,725 €, , ,http://www.immobilienscout24.de/expose/94646886
"4,5 Zimmer mitten im KIEZ - WG geeignet !","Kreuzbergstr. 8, 10965 Berlin, Kreuzberg (Kreuzberg)", ,1 von 5,"157,21 m²",nach Vereinbarung,"4,5",4,2, ,Nach Vereinbarung,2.507 €,+ 160 €,+ 220 €,2.917 €, , ,http://www.immobilienscout24.de/expose/91510448
"Exclusive 2-Raumwohnung, provisionsfrei, mit Spreeblick","Ehrenbergstraße 3, 10245 Berlin, Friedrichshain (Friedrichshain)", ,1 von 5,"73,25 m²",01.01.2019,2, ,1, , ,1.125 €,+ 175 €,in Nebenkosten enthalten,1.300 €, , ,http://www.immobilienscout24.de/expose/107479638
Schöne 2 Zimmer Wohnung am Spittelmarkt,10179 Berlin Die vollständige Adresse der Immobilie erhalten Sie vom Anbieter., ,3,60 m²,Sofort,2, , , ,Nein,1.170 €,+ 210 €,keine Angabe,1.380 € (zzgl. Heizkosten), , ,http://www.immobilienscout24.de/expose/108313550
Vollmöbliertes Einzimmerappartment ab sofort,10435 Berlin-Prenzlauer berg Die vollständige Adresse der Immobilie erhalten Sie vom Anbieter., , ,"26,5 m²",ab sofort,1, ,1, , ,480 €,+ 90 €,in Nebenkosten enthalten,570 €, , ,http://www.immobilienscout24.de/expose/85594205
VON PRIVAT: Hochwertig möblierte 2-Zi-Whg in der Wasserstadt Spandau,13587 Berlin-Spandau (Wasserstadt) Die vollständige Adresse der Immobilie erhalten Sie vom Anbieter., ,2 von 6,73 m², ,2, ,1, ,Nein,1.180 €,+ 200 €,in Nebenkosten enthalten,1.380 €, , ,http://www.immobilienscout24.de/expose/108171872
Siedlungsbau mit grünem Umfeld,"Quellweg 65, 13629 Berlin-Spandau, Siemensstadt (Spandau)", ,3 von 3,"61,53 m²",sofort,2,1,1, , ,677 €,+ 94 €,+ 52 €,823 €, , ,http://www.immobilienscout24.de/expose/107577149
Top Maisonettenwohnung am Roseneck,14199 Berlin Die vollständige Adresse der Immobilie erhalten Sie vom Anbieter., ,1 von 4,"119,75 m²",sofort,3,1,1, , ,1.318 €,+ 440 €,in Nebenkosten enthalten,1.758 €, , ,http://www.immobilienscout24.de/expose/41011758
"Freundliche 2-Zimmer-Wohnung mit EBK in Mitte, Berlin","Michaelkirchstraße 15, 10179 Berlin, Mitte (Mitte)", , ,70 m²,ab sofort,2, , , , ,1.240 €,+ 118 €,in Nebenkosten enthalten,1.358 €, , ,http://www.immobilienscout24.de/expose/108713409
Wohnen auf Zeit Altstadt Spandau,13597 Berlin Die vollständige Adresse der Immobilie erhalten Sie vom Anbieter., ,1 von 2,47 m²,ab sofort,2,1,1, , ,800 €,+ 150 €,in Nebenkosten enthalten,1.000 €, , ,http://www.immobilienscout24.de/expose/96094187
"Großzügige 3-Zimmer-Wohnung mit Terrasse, Wintergarten und Balkon","Hilbertstraße 28, 12307 Berlin, Lichtenrade (Tempelhof)", ,2 von 3,"110,12 m²",sofort,3,2,1, ,Nach Vereinbarung,"1.101,20 €",+ 200 €,+ 75 €,"1.376,20 €", , ,http://www.immobilienscout24.de/expose/108793211
"Wedding, 3 Zimmer, Einbauküche, Waschtrockner, Parkettboden","Soldiner Straße 12, 13359 Berlin, Wedding (Wedding)", ,1 von 5,"75,77 m²",sofort,3, , , , ,1.200 €,+ 100 €,+ 100 €,1.400 €, , ,http://www.immobilienscout24.de/expose/108478335
"Attraktive, modernisierte 2 Zimmer-DG-Wohnung zur Miete in Britz (Neukölln), Berlin",12347 Berlin Die vollständige Adresse der Immobilie erhalten Sie vom Anbieter., ,2 von 2,47 m²,ab sofort,2, ,1, ,Nein,455 €,+ 70 €,+ 75 €,600 €, , ,http://www.immobilienscout24.de/expose/108765730
Sanierte Altbau Wohnung in Prenzlauer Berg ab sofort,"Ibsenstraße XX, 10439 Berlin, Prenzlauer Berg (Prenzlauer Berg)", ,0 von 5,65 m²,01.01.2019,3, ,1, , ,899 €,+ 173 €,in Nebenkosten enthalten,1.072 €, , ,http://www.immobilienscout24.de/expose/108774389
Möblierte Dachgeschosswohnung in Ku'Damm-Nähe,10711 Berlin Die vollständige Adresse der Immobilie erhalten Sie vom Anbieter., ,5 von 5,102 m²,15.01.2019,3, , , , ,1.900 €,+ 200 €,nicht in Nebenkosten enthalten,2.100 € (zzgl. Heizkosten), , ,http://www.immobilienscout24.de/expose/108839445
2-Zimmerwohnung im ruhigen Seitenflügel,"Karl-Marx-Straße 208, 12055 Berlin, Neukölln (Neukölln)", , ,"39,05 m²",16.12.2018,2, , , , ,780 €,+ 60 €,nicht in Nebenkosten enthalten,840 € (zzgl. Heizkosten), , ,http://www.immobilienscout24.de/expose/108720886
Große Wohnung mit Balkon,13409 Berlin Die vollständige Adresse der Immobilie erhalten Sie vom Anbieter., ,0,"114,35 m²",01.01.2019,6, ,1, , ,"1.199,53 €",+ 260 €,in Nebenkosten enthalten,"1.459,53 €", , ,http://www.immobilienscout24.de/expose/108095618
Großzügige Familienwohnung in Marienfelde,"Malteserstr. 150, 12277 Berlin, Marienfelde (Tempelhof)", ,1 von 4,"84,79 m²",sofort,3,3,1, ,Nach Vereinbarung,809 €,+ 120 €,+ 106 €,1.035 €, , ,http://www.immobilienscout24.de/expose/108675736
"Exklusive, geräumige 2-Zimmer-Wohnung in Grünau (Köpenick), Berlin","Dahmestrasse 7-8, 12527 Berlin, Grünau (Köpenick)", ,1 von 4,73 m²,01.02.2019,2, ,1, , ,850 €,+ 250 €,in Nebenkosten enthalten,1.100 €, , ,http://www.immobilienscout24.de/expose/108372718
"+++Feuerlandhöfe auf zum letzten Abschnitt, wohnen in neuen Dimensionen+++","Chausseestraße 41A, 10115 Berlin, Mitte (Mitte)", ,1 von 5,"144,55 m²",01.02.2019,4,3,2, ,Nach Vereinbarung,"2.203,95 €","+ 219,45 €","+ 113,05 €","2.467,48 €", , ,http://www.immobilienscout24.de/expose/108707782
3 Zimmer Altbauwohnung / WBS erforderlich!,"Wilhelminenhofstrasse 54, 12459 Berlin, Oberschöneweide (Köpenick)", ,1 von 3,"71,46 m²",sofort,3,2,1, , ,"477,35 €",+ 90 €,+ 65 €,"632,35 €", , ,http://www.immobilienscout24.de/expose/108846718
3 moderne Zimmer mit SÜD Balkon - Erstbezug-,"Hauptstrasse 14, 13158 Berlin, Rosenthal (Pankow)", ,1 von 6,"74,61 m²",01.03.2019,3,2,1, , ,"969,93 €","+ 186,53 €",in Nebenkosten enthalten,"1.156,46 €", , ,http://www.immobilienscout24.de/expose/108434775
Schöne Dachgeschosswohnung in Reinickendorf zu vermieten,13409 Berlin Die vollständige Adresse der Immobilie erhalten Sie vom Anbieter., ,4 von 4,108 m²,sofort,2, , , ,Ja,1.000 €,+ 100 €,nicht in Nebenkosten enthalten,1.100 € (zzgl. Heizkosten), , ,http://www.immobilienscout24.de/expose/108491531
Wohnung in moderner Stadtvilla mit Blick ins Grüne,14169 Berlin Die vollständige Adresse der Immobilie erhalten Sie vom Anbieter., ,1 von 2,125 m²,01.02.2019,"3,5", , , ,Nach Vereinbarung,2.500 €,+ 300 €,in Nebenkosten enthalten,2.800 €, , ,http://www.immobilienscout24.de/expose/97649080
*ERSTBEZUG* 2 Zi.-Wohnung mir extra großer Terrasse! Aufzug!,"Bölschestraße 62, 12587 Berlin, Friedrichshagen (Köpenick)", ,1 von 4,100 m²,nach Vereinbarung,2,1,1, , ,1.395 €,+ 180 €,+ 90 €,1.665 €, , ,http://www.immobilienscout24.de/expose/93218855
Renovierte 2-Zimmer-DG-Wohnung in Mitte,"Torstraße 195, 10115 Berlin, Mitte (Mitte)", ,5 von 5,62 m²,01.01.2019,2, ,1, ,Nein,1.050 €,+ 280 €,in Nebenkosten enthalten,1.330 €, , ,http://www.immobilienscout24.de/expose/108817868
"WANNSEE : Schöne Terrassen-Maisonettenwohnung direkt am Kleinen Wannsee, Schwimmbad, Sauna im Haus","Hohenzollernstr. 12, 14109 Berlin, Wannsee (Zehlendorf)", ,0 von 4,148 m²,sofort,3,1,2, ,Nach Vereinbarung,1.480 €,+ 600 €,+ 130 €,2.210 €, , ,http://www.immobilienscout24.de/expose/108628768
Hochwertig sanierte 1 Zimmerwohnung mit Bad und Küche (re SF 1. OG rechts),"Adamstraße 49, 13595 Berlin, Spandau (Spandau)", ,1 von 4,"34,5 m²",sofort,1,1,1, ,Nach Vereinbarung,483 €,+ 50 €,+ 0 €,533 €, , ,http://www.immobilienscout24.de/expose/108485299
Umfassend modernisierte Wohnung nahe Karl-August-Platz,"Weimarer Straße 37, 10625 Berlin, Charlottenburg (Charlottenburg)", ,1 von 4,"84,94 m²",01.01.2019,3, , , , ,1.230 €,+ 90 €,+ 105 €,1.425 €, , ,http://www.immobilienscout24.de/expose/103178849
Besichtigung am Dienstag 27.11. um 17:45 Uhr! 2 Zimmer! Balkon! EBK! Wannenbad! Lift!,"Kienhorststraße 156, 13403 Berlin, Reinickendorf (Reinickendorf)", ,3,"52,01 m²",ab sofort,2, ,1, ,Nach Vereinbarung,507 €,"+ 142,90 €",in Nebenkosten enthalten,"649,90 €", , ,http://www.immobilienscout24.de/ex